# x, y, z, theta, kappa, s, qx, qy, qz, qw
17.5479, -50.4653, -2.26524, 1.59843, 0, 0.359861, 0.0715799, 0.0263896, 0.712739, 0.697268
17.5314, -49.8653, -2.26305, 1.59828, 0, 0.959861, 0.075915, 0.00910979, 0.712668, 0.697322
17.515, -49.2651, -2.26994, 1.59826, 0.0959319, 1.55986, 0.0789272, -0.0109958, 0.712305, 0.697331
17.4986, -48.6652, -2.25412, 1.65609, 0.0812395, 2.15986, 0.0791803, 0.00405062, 0.732333, 0.676315
17.4473, -48.0664, -2.25612, 1.70517, 0.0676706, 2.75986, 0.069073, -0.00245131, 0.749805, 0.658039
17.3662, -47.4687, -2.22965, 1.74622, 0.05548, 3.35986, 0.069804, -0.0236738, 0.762777, 0.642447
17.2601, -46.8721, -2.20291, 1.78014, 0.0445827, 3.95986, 0.0913454, -0.0232473, 0.771378, 0.629358
17.1329, -46.2769, -2.1773, 1.80762, 0.0350156, 4.55986, 0.108951, -0.0325799, 0.777415, 0.618622
16.9888, -45.6836, -2.11667, 1.82944, 0.0267606, 5.15986, 0.0967049, -0.0102287, 0.786402, 0.610013
16.8312, -45.0926, -2.09806, 1.84627, 0.01984, 5.75986, 0.105452, 0.0570294, 0.788435, 0.603323
16.6632, -44.5046, -2.14405, 1.85897, 0.0142075, 6.35986, 0.188617, 0.0912475, 0.773434, 0.598246
16.4879, -43.9203, -2.1555, 1.86832, 0.00983529, 6.95986, 0.243871, 0.0322049, 0.765549, 0.594496
16.3074, -43.3405, -2.08682, 1.87502, 0.00669629, 7.55986, 0.256594, -0.0296163, 0.763583, 0.591796
16.1238, -42.7665, -1.98733, 1.87993, 0.00470479, 8.15986, 0.203629, -0.0502182, 0.779827, 0.589816
15.9387, -42.1994, -1.91063, 1.88378, 0.00377284, 8.75986, 0.101658, -0.0357823, 0.801456, 0.588263
15.7531, -41.6404, -1.89858, 1.88711, 0.00382558, 9.35986, 0.0501403, 0.000199457, 0.808096, 0.586912
15.5677, -41.0908, -1.9046, 1.89057, 0.00471113, 9.95986, 0.0634558, 0.0128489, 0.808075, 0.585511
15.383, -40.5521, -1.88406, 1.89463, 0.00627699, 10.5599, 0.0956477, -0.0118043, 0.806112, 0.583863
15.1992, -40.0254, -1.85583, 1.89962, 0.00838034, 11.1599, 0.0814873, -0.0213285, 0.808932, 0.581837
15.0161, -39.5115, -1.81972, 1.9057, 0.0108933, 11.7599, 0.031496, -0.0582935, 0.812373, 0.579361
14.8335, -39.0107, -1.7867, 1.91298, 0.013684, 12.3599, 0.0129385, -0.0560225, 0.815149, 0.576391
14.6509, -38.5228, -1.75041, 1.92147, 0.0166362, 12.9599, -0.0232874, -0.0655063, 0.816659, 0.572918
14.4676, -38.0465, -1.72422, 1.9311, 0.0196617, 13.5599, -0.0297103, -0.048441, 0.820396, 0.568966
14.2827, -37.5801, -1.70802, 1.94177, 0.0226901, 14.1599, -0.0419913, -0.03891, 0.823399, 0.564568
14.0948, -37.121, -1.7062, 1.95342, 0.0256633, 14.7599, -0.0313245, -0.0236352, 0.827729, 0.559754
13.9023, -36.6649, -1.6991, 1.96573, 0.0286492, 15.3599, -0.0118489, -0.0224588, 0.831701, 0.554643
13.7036, -36.2093, -1.68817, 1.9793, 0.0313907, 15.9599, 0.013764, -0.0093454, 0.835669, 0.548981
13.4979, -35.7537, -1.67409, 1.99435, 0.0337508, 16.5599, 0.0385192, 0.00194158, 0.839055, 0.542678
13.2841, -35.2981, -1.6599, 2.01065, 0.0357382, 17.1599, 0.0595222, 0.0163207, 0.842076, 0.535816
13.0614, -34.8423, -1.64567, 2.02807, 0.0373416, 17.7599, 0.0778832, 0.0133221, 0.845287, 0.528438
12.8293, -34.3867, -1.63275, 2.04646, 0.0385674, 18.3599, 0.0890334, 0.00301583, 0.849135, 0.520609
12.587, -33.9314, -1.60589, 2.06565, 0.0394307, 18.9599, 0.0693333, 0.00233708, 0.855944, 0.512393
12.3342, -33.477, -1.57917, 2.08547, 0.0399514, 19.5599, 0.0531668, 0.013469, 0.862042, 0.50386
12.0705, -33.0238, -1.5834, 2.10574, 0.0401559, 20.1599, 0.0479311, 0.00455746, 0.867513, 0.495079
11.7958, -32.5724, -1.56915, 2.12631, 0.0400662, 20.7599, 0.0634685, -0.00256632, 0.871581, 0.486118
11.51, -32.1231, -1.5565, 2.14701, 0.0396865, 21.3599, 0.0907875, -0.000733895, 0.874177, 0.477046
11.213, -31.6765, -1.50533, 2.1677, 0.0389966, 21.9599, 0.128167, -0.000494649, 0.874422, 0.467931
10.9051, -31.2329, -1.44346, 2.18818, 0.0380094, 22.5599, 0.125248, 0.046418, 0.878414, 0.458854
10.5863, -30.7929, -1.47424, 2.20829, 0.0366839, 23.1599, 0.0551388, 0.10805, 0.884803, 0.449898
10.257, -30.3566, -1.51149, 2.22782, 0.035238, 23.7599, 0.0541677, 0.0780107, 0.892391, 0.441156
9.91756, -29.9243, -1.52275, 2.2467, 0.0329643, 24.3599, 0.0685277, 0.0557468, 0.897216, 0.432667
9.56845, -29.4961, -1.51582, 2.26445, 0.0325812, 24.9599, 0.0682534, 0.0467042, 0.901573, 0.424647
9.21023, -29.072, -1.51122, 2.28209, 0.0124947, 25.5599, 0.0742414, 0.01732, 0.905867, 0.416646
8.84315, -28.6523, -1.47919, 2.2887, -0.00721761, 26.1599, 0.0742194, -0.0512296, 0.905964, 0.413638
8.47177, -28.2331, -1.40456, 2.28428, -0.0218601, 26.7599, 0.058359, -0.0774546, 0.90434, 0.41565
8.09978, -27.809, -1.36772, 2.27141, -0.0331009, 27.3599, 0.00633238, -0.0501084, 0.905424, 0.421494
7.72902, -27.3747, -1.35555, 2.25154, -0.0410923, 27.9599, -0.00967894, -0.0299122, 0.902051, 0.430483
7.36231, -26.9266, -1.34551, 2.22693, -0.0466536, 28.5599, 0.0190528, -0.0152423, 0.896903, 0.441553
7.00204, -26.4628, -1.32664, 2.19876, -0.0502365, 29.1599, 0.0468294, -0.00245358, 0.889691, 0.454149
6.65015, -25.9817, -1.29766, 2.16806, -0.0522914, 29.7599, 0.0805367, 0.0136006, 0.880069, 0.467769
6.30835, -25.4821, -1.26977, 2.13571, -0.0531957, 30.3599, 0.0892946, -0.00666781, 0.87158, 0.482006
5.97815, -24.9632, -1.22575, 2.10233, -0.0532485, 30.9599, 0.0982221, -0.0146288, 0.862302, 0.496562
5.66086, -24.4249, -1.17609, 2.0684, -0.0526928, 31.5599, 0.0898364, -0.00818474, 0.854705, 0.511216
5.35772, -23.8672, -1.1501, 2.0343, -0.0516914, 32.1599, 0.0655047, 0.00359634, 0.84808, 0.525792
5.06984, -23.2904, -1.13031, 2.00036, -0.0505038, 32.7599, 0.0545275, 0.00829762, 0.839758, 0.540152
4.79822, -22.6952, -1.12477, 1.96671, -0.0488475, 33.3599, 0.0383309, 0.0236585, 0.831141, 0.554235
4.54377, -22.0825, -1.13864, 1.93369, -0.0482318, 33.9599, 0.0421447, 0.0200834, 0.821773, 0.567899
4.30722, -21.4536, -1.13197, 1.90069, -0.0369051, 34.5599, 0.0451293, 0.00904459, 0.812313, 0.581403
4.08958, -20.8096, -1.12951, 1.87503, -0.0243095, 35.1599, 0.0404693, 0.0136523, 0.804958, 0.591792
3.88772, -20.1556, -1.13444, 1.85784, -0.0132637, 35.7599, 0.0371728, 0.00595361, 0.800089, 0.598699
3.69754, -19.4978, -1.12612, 1.84823, -0.00309688, 36.3599, 0.0371172, 0.00607713, 0.797202, 0.602539
3.51512, -18.8415, -1.12204, 1.84565, 0.00581108, 36.9599, 0.0398369, 0.0048287, 0.7963, 0.60357
3.33672, -18.1915, -1.11821, 1.84912, 0.013412, 37.5599, 0.0669007, 0.00864104, 0.795502, 0.602184
3.15908, -17.5517, -1.11286, 1.85763, 0.0196038, 38.1599, 0.169984, -0.0432913, 0.781465, 0.598785
2.97959, -16.9248, -1.03972, 1.87006, 0.0243609, 38.7599, 0.243218, -0.00732726, 0.766941, 0.593796
2.79628, -16.3126, -1.01419, 1.8853, 0.0277208, 39.3599, 0.271975, 0.0727451, 0.758557, 0.587647
2.60786, -15.7159, -1.00872, 1.90235, 0.0297637, 39.9599, 0.204873, 0.0704305, 0.784744, 0.580727
2.41352, -15.1348, -1.01883, 1.92034, 0.0306054, 40.5599, 0.181586, 0.0755176, 0.795335, 0.573381
2.21296, -14.5688, -1.02681, 1.93848, 0.0304104, 41.1599, 0.135198, 0.0478062, 0.811889, 0.565926
2.00618, -14.017, -1.02217, 1.95618, 0.0293396, 41.7599, 0.138946, 0.0527567, 0.816006, 0.558609
1.79257, -13.4773, -1.021, 1.97348, 0.027378, 42.3599, 0.123842, 0.0612701, 0.822711, 0.551413
1.57178, -12.9471, -1.01709, 1.98947, 0.0248765, 42.9599, 0.123134, 0.0430122, 0.828409, 0.544726
1.34423, -12.4249, -0.998521, 2.00389, 0.0219827, 43.5599, 0.112103, 0.0272665, 0.834584, 0.538664
1.11048, -11.9092, -0.978649, 2.01656, 0.018828, 44.1599, 0.100584, 0.0149536, 0.839783, 0.533314
0.87118, -11.399, -0.966361, 2.02739, 0.0155192, 44.7599, 0.0851078, 0.0198215, 0.84428, 0.528729
0.627046, -10.893, -0.950456, 2.03629, 0.0121514, 45.3599, 0.0790233, 0.00858694, 0.847417, 0.524944
0.378813, -10.3903, -0.934652, 2.04329, 0.00879525, 45.9599, 0.0787637, 0.00428812, 0.849312, 0.521965
0.127265, -9.88998, -0.911979, 2.04838, 0.00551616, 46.5599, 0.0803814, 0.00441413, 0.850491, 0.519793
-0.126814, -9.39113, -0.889696, 2.05161, 0.00236199, 47.1599, 0.0837749, 0.0055213, 0.851002, 0.518409
-0.382627, -8.89304, -0.865559, 2.05308, -0.000631711, 47.7599, 0.0780742, 0.0048331, 0.851929, 0.517781
-0.639386, -8.39508, -0.852661, 2.05286, -0.00343349, 48.3599, 0.0702096, 0.00639097, 0.852544, 0.517878
-0.896324, -7.89663, -0.832471, 2.05106, -0.00602867, 48.9599, 0.0679078, 0.00741792, 0.852255, 0.518648
-1.15269, -7.39723, -0.81959, 2.04778, -0.00840169, 49.5599, 0.0738054, 0.00414119, 0.850934, 0.520046
-1.40778, -6.89641, -0.795491, 2.04317, -0.0105486, 50.1599, 0.0737687, -0.00885177, 0.849694, 0.522015
-1.66092, -6.39382, -0.762982, 2.03733, -0.0124685, 50.7599, 0.078108, -0.000986501, 0.847818, 0.524502
-1.91147, -5.88916, -0.747811, 2.03039, -0.0141635, 51.3599, 0.0840536, -0.00193321, 0.845414, 0.527453
-2.15886, -5.38217, -0.714609, 2.02249, -0.0156441, 51.9599, 0.093607, -0.0271097, 0.841871, 0.530806
-2.40254, -4.87268, -0.657765, 2.01373, -0.0169168, 52.5599, 0.105181, -0.0371025, 0.837768, 0.534514
-2.64206, -4.36053, -0.605799, 2.00424, -0.0179968, 53.1599, 0.118225, -0.06147, 0.83201, 0.538519
-2.87697, -3.84563, -0.527497, 1.99411, -0.0188959, 53.7599, 0.125413, -0.0946469, 0.825049, 0.542777
-3.10689, -3.32791, -0.415332, 1.98347, -0.0196259, 54.3599, 0.137549, -0.119469, 0.816906, 0.54724
-3.3315, -2.80735, -0.298921, 1.97239, -0.0202143, 54.9599, 0.140722, -0.12616, 0.812234, 0.551867
-3.55052, -2.28395, -0.178248, 1.96096, -0.0206227, 55.5599, 0.132958, -0.118192, 0.811495, 0.556622
-3.76371, -1.75775, -0.0748943, 1.9493, -0.021063, 56.1599, 0.129112, -0.109618, 0.809986, 0.56146
-3.97088, -1.2288, 0.0372592, 1.93736, -0.0208182, 56.7599, 0.127558, -0.117305, 0.805713, 0.566388
-4.17184, -0.697149, 0.133754, 1.92556, -0.0226281, 57.3599, 0.101932, -0.107689, 0.807277, 0.571242
-4.3666, -0.162943, 0.227575, 1.91271, -0.00426345, 57.9599, 0.0840979, -0.0926591, 0.807458, 0.576502
-4.55456, 0.3739, 0.303056, 1.9103, 0.0137495, 58.5599, 0.082987, -0.0702623, 0.809127, 0.577485
-4.74133, 0.911468, 0.361613, 1.91813, 0.0265265, 59.1599, 0.091368, -0.0409718, 0.812508, 0.574285
-4.93251, 1.44816, 0.419773, 1.93325, 0.0357711, 59.7599, 0.0768281, 0.0058255, 0.819358, 0.568081
-5.13222, 1.98308, 0.39405, 1.95368, 0.0416904, 60.3599, 0.0468006, 0.0517648, 0.825789, 0.559645
-5.34359, 2.51578, 0.357322, 1.97757, 0.0449478, 60.9599, 0.0396399, 0.0213171, 0.834146, 0.549704
-5.56883, 3.04615, 0.381202, 2.00347, 0.0460716, 61.5599, 0.0309763, -0.0206761, 0.841583, 0.538842
-5.80944, 3.57433, 0.395085, 2.03019, 0.0455684, 62.1599, 0.0234764, -0.00100722, 0.849206, 0.527539
-6.06636, 4.10065, 0.395258, 2.05685, 0.0438165, 62.7599, 0.034903, 0.0102011, 0.855716, 0.516166
-6.34012, 4.62559, 0.405595, 2.08276, 0.0412632, 63.3599, 0.0441385, 0.020801, 0.861722, 0.505029
-6.63091, 5.14973, 0.405071, 2.10746, 0.037787, 63.9599, 0.0455608, 0.0466144, 0.866825, 0.494334
-6.93869, 5.67369, 0.365929, 2.13037, 0.0349815, 64.5599, 0.0195016, 0.117947, 0.866673, 0.484342
-7.26309, 6.19818, 0.283261, 2.15189, 0.021681, 65.1599, 0.0122905, 0.1453, 0.867876, 0.474899
-7.60398, 6.72384, 0.202049, 2.16543, 0.00734669, 65.7599, 0.0113923, 0.136943, 0.872479, 0.468931
-7.95675, 7.25216, 0.126462, 2.17006, -0.0052635, 66.3599, 0.0253379, 0.143066, 0.872301, 0.466885
-8.31578, 7.78459, 0.0507457, 2.16666, -0.0168144, 66.9599, 0.0238388, 0.142495, 0.871629, 0.46839
-8.67568, 8.32233, -0.0237454, 2.15576, -0.0269962, 67.5599, 0.0385685, 0.104608, 0.873873, 0.473198
-9.03121, 8.86636, -0.0497179, 2.1382, -0.0358137, 68.1599, 0.0717632, 0.0533903, 0.872195, 0.480912
-9.37763, 9.41735, -0.0487904, 2.11489, -0.0432196, 68.7599, 0.0706207, 0.0366401, 0.867462, 0.4911
-9.71077, 9.97573, -0.0459811, 2.08679, -0.0492335, 69.3599, 0.0785229, 0.0137677, 0.860432, 0.503291
-10.0272, 10.5417, 0.00449998, 2.05486, -0.0539027, 69.9599, 0.0796861, 0.0126766, 0.852162, 0.51702
-10.3242, 11.1151, 0.00271618, 2.02005, -0.0573156, 70.5599, 0.0825285, 0.0268471, 0.842386, 0.531841
-10.5998, 11.6958, 0.0176917, 1.9832, -0.0595837, 71.1599, 0.0925473, 0.0132201, 0.831664, 0.547353
-10.8525, 12.2835, 0.0302773, 1.94507, -0.0608391, 71.7599, 0.0823573, 0.00129126, 0.822199, 0.563209
-11.0817, 12.8776, 0.0627542, 1.9063, -0.0612216, 72.3599, 0.107919, -0.0102515, 0.808005, 0.579117
-11.2867, 13.4776, 0.105463, 1.86745, -0.0608694, 72.9599, 0.105283, -0.00953956, 0.796859, 0.594845
-11.4676, 14.0829, 0.138423, 1.82894, -0.0599177, 73.5599, 0.0998496, -0.00290876, 0.785918, 0.610209
-11.6246, 14.6931, 0.15082, 1.79113, -0.0584865, 74.1599, 0.100167, 0.000985909, 0.774109, 0.625076
-11.7581, 15.3074, 0.174555, 1.7543, -0.0566909, 74.7599, 0.0949016, -0.00995309, 0.762975, 0.639346
-11.8686, 15.9253, 0.202212, 1.71862, -0.0546264, 75.3599, 0.0867522, -0.0174096, 0.752207, 0.652959
-11.9569, 16.5463, 0.220792, 1.68426, -0.0523802, 75.9599, 0.0656408, -0.0207241, 0.742882, 0.665874
-12.0238, 17.1698, 0.202399, 1.65131, -0.0500246, 76.5599, -0.0377687, -0.0473504, 0.732491, 0.678077
-12.07, 17.7953, 0.192589, 1.61979, -0.0476161, 77.1599, -0.0644809, 0.0158362, 0.721166, 0.689573
-12.0964, 18.4223, 0.228421, 1.58977, -0.0452126, 77.7599, 0.0129129, -0.0512794, 0.71182, 0.700368
-12.1038, 19.0504, 0.267423, 1.56122, -0.0428437, 78.3599, -0.0366701, -0.0777186, 0.698445, 0.710485
-12.0933, 19.6791, 0.362813, 1.53415, -0.0405906, 78.9599, -0.100092, -0.0294728, 0.686144, 0.719944
-12.0656, 20.3077, 0.330428, 1.50853, -0.0383264, 79.5599, -0.0587235, 0.138861, 0.66795, 0.728775
-12.0218, 20.9358, 0.128436, 1.48433, -0.0366512, 80.1599, 0.0332728, 0.126549, 0.663097, 0.737008
-11.9627, 21.5631, 0.0844095, 1.46116, -0.0333474, 80.7599, 0.0778237, 0.0152338, 0.662574, 0.744787
-11.889, 22.1891, 0.0947151, 1.44009, -0.0466679, 81.3599, 0.0844869, -0.015734, 0.653793, 0.751777
-11.802, 22.8137, 0.0955568, 1.41061, -0.0599888, 81.9599, 0.0750614, -0.00911367, 0.643843, 0.761413
-11.6967, 23.4355, 0.0899414, 1.37274, -0.0693444, 82.5599, 0.0656487, -0.00609755, 0.630294, 0.773552
-11.5678, 24.0531, 0.0868711, 1.32896, -0.076068, 83.1599, 0.0644406, -0.00767651, 0.613226, 0.787237
-11.4118, 24.665, 0.0842219, 1.2809, -0.0804065, 83.7599, 0.0734275, -0.0153979, 0.592827, 0.801828
-11.2264, 25.2695, 0.0739931, 1.23003, -0.0823392, 84.3599, 0.061536, -0.0156553, 0.573464, 0.816766
-11.0099, 25.8652, 0.0746482, 1.17781, -0.0839881, 84.9599, 0.0505332, -0.0432789, 0.551451, 0.83155
-10.7618, 26.4505, 0.128559, 1.12437, -0.0719774, 85.5599, 0.0363442, -0.0913306, 0.523896, 0.846091
-10.4816, 27.0242, 0.231671, 1.0784, -0.0585688, 86.1599, 0.0354261, -0.103908, 0.501578, 0.858119
-10.1743, 27.5862, 0.323418, 1.04088, -0.0469436, 86.7599, 0.0587465, -0.089342, 0.48563, 0.8676
-9.8456, 28.1372, 0.368702, 1.01078, -0.0362588, 87.3599, 0.060671, -0.0898786, 0.471849, 0.874985
-9.50055, 28.6779, 0.440432, 0.987573, -0.0267807, 87.9599, 0.0626866, -0.103034, 0.458362, 0.880545
-9.14385, 29.2094, 0.514282, 0.970497, -0.0184457, 88.5599, 0.0658031, -0.100095, 0.450784, 0.884559
-8.77958, 29.7327, 0.569835, 0.958832, -0.011271, 89.1599, 0.0563086, -0.109481, 0.444528, 0.887264
-8.41125, 30.2491, 0.667524, 0.951797, -0.00522869, 89.7599, 0.0331817, -0.100769, 0.445684, 0.888881
-8.04174, 30.7597, 0.741711, 0.948632, -0.000283978, 90.3599, 0.0414798, -0.0670252, 0.449877, 0.889605
-7.6733, 31.2656, 0.731958, 0.948606, 0.00362038, 90.9599, 0.0774246, -0.0651912, 0.445362, 0.889611
-7.30764, 31.768, 0.759358, 0.951012, 0.00654635, 91.5599, 0.0681594, -0.0742511, 0.446555, 0.889061
-6.94594, 32.2676, 0.775257, 0.955219, 0.00862136, 92.1599, 0.0605864, -0.0512631, 0.452754, 0.888096
-6.58894, 32.7654, 0.784111, 0.960675, 0.00975533, 92.7599, 0.0497335, -0.0396304, 0.457682, 0.886839
-6.23706, 33.262, 0.788327, 0.966791, 0.0107198, 93.3599, 0.0577671, -0.0240834, 0.460555, 0.885422
-5.89034, 33.758, 0.756718, 0.973459, 0.00905974, 93.9599, 0.0533814, -0.014223, 0.464464, 0.883867
-5.54881, 34.2538, 0.742533, 0.979095, 0.0256072, 94.5599, 0.0298603, -0.0228931, 0.468719, 0.882546
-5.21159, 34.7495, 0.762547, 0.994648, 0.0408603, 95.1599, 0.0209346, -0.0369685, 0.47518, 0.878862
-4.88383, 35.248, 0.797614, 1.01914, 0.0525811, 95.7599, 0.0205434, -0.027549, 0.486588, 0.872955
-4.56994, 35.7519, 0.794373, 1.05039, 0.0443262, 96.3599, 0.042384, -0.00652279, 0.499546, 0.865225
-4.27304, 36.2636, 0.768809, 1.07658, 0.0333438, 96.9599, 0.0440931, -0.0126469, 0.510614, 0.858586
-3.99005, 36.782, 0.767322, 1.09624, 0.0239678, 97.5599, 0.0328721, -0.0198071, 0.519666, 0.853507
-3.71727, 37.306, 0.76726, 1.11031, 0.0150672, 98.1599, 0.0301901, -0.0157101, 0.525975, 0.849819
-3.4516, 37.8341, 0.7709, 1.11912, 0.00694022, 98.7599, 0.0227722, -0.0152188, 0.530105, 0.847489
-3.19016, 38.3653, 0.774487, 1.12309, -0.000512699, 99.3599, 0.0185337, -0.0150998, 0.531959, 0.846432
-2.93035, 38.8983, 0.774454, 1.12262, -0.00729926, 99.9599, -0.00319201, -0.0117706, 0.532155, 0.846559
-2.66978, 39.432, 0.790358, 1.1181, -0.0134779, 100.56, -0.0129117, -0.0104078, 0.53012, 0.84776
-2.40631, 39.9651, 0.816636, 1.10984, -0.0190888, 101.16, -0.00343488, -0.00965624, 0.526774, 0.849943
-2.138, 40.4966, 0.813772, 1.09821, -0.0242155, 101.76, 0.0281148, -0.00200145, 0.521164, 0.852991
-1.8631, 41.0254, 0.799368, 1.08347, -0.0289277, 102.36, 0.0370665, -0.00976961, 0.514195, 0.856816
-1.58003, 41.5504, 0.790649, 1.06585, -0.0333125, 102.96, 0.0573204, -0.0129756, 0.504643, 0.861326
-1.28738, 42.0705, 0.769011, 1.04556, -0.0375295, 103.56, 0.0714714, -0.00893664, 0.494068, 0.866434
-0.983879, 42.5846, 0.724346, 1.02264, -0.0415213, 104.16, 0.0701958, 0.00092837, 0.484265, 0.872101
-0.668297, 43.0917, 0.661105, 0.997288, -0.0461037, 104.76, 0.0598607, 0.0183727, 0.474118, 0.878232
-0.339571, 43.5905, 0.606825, 0.96908, -0.0490531, 105.36, 0.0415712, 0.015844, 0.463672, 0.884889
0.00350104, 44.0796, 0.563327, 0.93896, -0.0707293, 105.96, 0.0409766, 0.0237241, 0.449938, 0.891804
0.361628, 44.558, 0.500873, 0.895809, -0.0941001, 106.56, 0.0429911, 0.0220657, 0.430373, 0.901357
0.74036, 45.0199, 0.437131, 0.838476, -0.114785, 107.16, 0.0451562, 0.0259001, 0.403722, 0.913399
1.14517, 45.4585, 0.360162, 0.768589, -0.134617, 107.76, 0.0380075, 0.0182882, 0.372525, 0.927063
1.58006, 45.867, 0.308039, 0.686651, -0.153958, 108.36, 0.0289361, 0.00494091, 0.335338, 0.94164
2.04783, 46.2377, 0.261139, 0.592602, -0.173577, 108.96, 0.0249388, -0.00661552, 0.290842, 0.956423
2.54994, 46.5621, 0.229211, 0.485898, -0.194005, 109.56, 0.018537, -0.00602111, 0.239775, 0.970633
3.08607, 46.8301, 0.207283, 0.365969, -0.2, 110.16, 0.0132504, -0.00135901, 0.181477, 0.983305
3.65315, 47.0298, 0.15597, 0.24093, -0.2, 110.76, 0.0113819, 0.00163466, 0.119622, 0.992753
4.24041, 47.1527, 0.0907416, 0.114096, -0.2, 111.36, 0.00601717, 0.000552637, 0.056696, 0.998373
4.83162, 47.1949, 0.0394005, -0.0116976, -0.2, 111.96, -0.000416752, -3.71096e-05, -0.0058338, 0.999983
5.40809, 47.1588, 0.0033427, -0.133995, -0.2, 112.56, -0.00519461, 0.000614215, -0.0667427, 0.997757
5.95111, 47.0525, -0.0434023, -0.252181, -0.2, 113.16, -0.0112392, 0.00033882, -0.125253, 0.992061
6.44194, 46.8896, -0.0903751, -0.363603, -0.2, 113.76, -0.0179256, -0.00148456, -0.179905, 0.98352
6.86764, 46.6892, -0.128398, -0.465528, -0.2, 114.36, -0.0225862, -0.00067407, -0.229558, 0.973033
7.22415, 46.4721, -0.163678, -0.555931, -0.2, 114.96, -0.0263911, 0.000171281, -0.273128, 0.961616
7.51766, 46.2545, -0.195475, -0.634121, -0.2, 115.56, -0.0286189, 0.000896377, -0.310458, 0.950156
7.76188, 46.0445, -0.217119, -0.701119, -0.2, 116.16, -0.0295437, 0.00100774, -0.342149, 0.939181
7.97293, 45.8409, -0.235557, -0.759555, -0.194602, 116.76, -0.0276505, 0.000553006, -0.369681, 0.928747
8.16463, 45.637, -0.250764, -0.811603, -0.176181, 117.36, -0.0255774, 0.000506096, -0.393926, 0.918786
8.34679, 45.4251, -0.260087, -0.856783, -0.165818, 117.96, -0.0252357, -0.000209097, -0.414641, 0.909635
8.52569, 45.1994, -0.267515, -0.899517, -0.11525, 118.56, -0.0200591, -0.00289618, -0.434275, 0.900552
8.70413, 44.955, -0.271642, -0.929367, -0.0718939, 119.16, -0.0144153, 0.00117333, -0.447906, 0.893964
8.88551, 44.6915, -0.274208, -0.947766, -0.0431022, 119.76, -0.00107056, 0.00454299, -0.456321, 0.889803
9.07278, 44.4093, -0.280734, -0.958307, -0.0231519, 120.36, 0.00804086, 0.00995548, -0.46085, 0.887386
9.2683, 44.1087, -0.289195, -0.963086, -0.00992481, 120.96, 0.0136921, 0.0132267, -0.462756, 0.886281
9.47376, 43.7904, -0.299381, -0.963906, -0.00121885, 121.56, 0.0218839, 0.0146395, -0.462762, 0.886091
9.69166, 43.453, -0.288246, -0.961513, 0.00418037, 122.16, 0.0252163, 0.0237338, -0.461152, 0.886645
9.92707, 43.0905, -0.29406, -0.955632, 0.00714127, 122.76, 0.0126316, 0.0367198, -0.458198, 0.888001
10.1848, 42.7017, -0.344023, -0.948945, 0.00839865, 123.36, 0.0108228, 0.0498501, -0.454013, 0.889534
10.4643, 42.2889, -0.391748, -0.941788, 0.0102157, 123.96, 0.00771402, 0.0578036, -0.44992, 0.891163
10.7652, 41.8542, -0.430942, -0.933787, -0.00190938, 124.56, 0.00386117, 0.0491881, -0.447402, 0.892971
11.0871, 41.4, -0.488179, -0.932556, -0.0149254, 125.16, -0.00916142, 0.0423117, -0.447475, 0.893248
11.425, 40.9275, -0.533579, -0.939268, -0.0254409, 125.76, -0.0135364, 0.0454044, -0.450073, 0.891734
11.7721, 40.4377, -0.587735, -0.952725, -0.0344838, 126.36, -0.020364, 0.0359134, -0.456688, 0.888669
12.1219, 39.9323, -0.639862, -0.972281, -0.0418076, 126.96, -0.0301243, 0.0350162, -0.464928, 0.884143
12.4683, 39.4127, -0.71526, -0.997011, -0.0475067, 127.56, -0.0314619, 0.0376567, -0.475589, 0.878298
12.8056, 38.8806, -0.761094, -1.02573, -0.0516591, 128.16, -0.0383387, 0.0263365, -0.488466, 0.871342
13.1295, 38.3376, -0.814481, -1.05729, -0.0543777, 128.76, -0.0454379, 0.020458, -0.501897, 0.863491
13.4367, 37.7852, -0.873636, -1.09075, -0.0557573, 129.36, -0.0463518, 0.0181948, -0.516344, 0.854932
13.725, 37.225, -0.907475, -1.12506, -0.0559702, 129.96, -0.0525595, 0.0206491, -0.530329, 0.845909
13.9932, 36.6582, -0.961701, -1.15943, -0.0551613, 130.56, -0.0554721, 0.0278689, -0.544255, 0.83662
14.2408, 36.086, -1.01511, -1.19322, -0.0534765, 131.16, -0.0567582, 0.0264691, -0.558342, 0.827244
14.4679, 35.5095, -1.05944, -1.22579, -0.0510972, 131.76, -0.0584055, 0.026344, -0.571659, 0.817986
14.6753, 34.9293, -1.12366, -1.25679, -0.0481458, 132.36, -0.0601459, 0.031932, -0.58389, 0.808971
14.8638, 34.3464, -1.16286, -1.28584, -0.0448044, 132.96, -0.062498, 0.000888478, -0.596269, 0.800348
15.0348, 33.7611, -1.16089, -1.31277, -0.0412183, 133.56, -0.0617266, -0.000601421, -0.607125, 0.792205
15.1895, 33.174, -1.1937, -1.33743, -0.0375278, 134.16, -0.0471442, 0.0279668, -0.617551, 0.784618
15.3294, 32.5854, -1.21957, -1.3598, -0.0338493, 134.76, -0.0361575, 0.0302947, -0.626945, 0.777634
15.4559, 31.9957, -1.26905, -1.37992, -0.0302712, 135.36, -0.0512769, 0.0445513, -0.632873, 0.77127
15.5704, 31.405, -1.31619, -1.39785, -0.0268726, 135.96, -0.0528932, 0.0542006, -0.638921, 0.765535
15.6743, 30.8135, -1.38423, -1.41375, -0.0236903, 136.56, -0.0695504, 0.0780646, -0.640991, 0.760394
15.7687, 30.2214, -1.4857, -1.42773, -0.0207826, 137.16, -0.0772157, 0.102841, -0.642005, 0.755838
15.855, 29.6287, -1.60902, -1.43989, -0.0181916, 137.76, -0.0792445, 0.0971075, -0.64732, 0.751842
15.9341, 29.0355, -1.70268, -1.4505, -0.015912, 138.36, -0.0690168, 0.102381, -0.651729, 0.748335
16.0068, 28.4415, -1.8213, -1.46056, -0.0136887, 138.96, -0.0523706, 0.121035, -0.653913, 0.744987
16.0733, 27.8461, -1.93052, -1.46931, -0.0117805, 139.56, -0.0597647, 0.116224, -0.657467, 0.742063
16.1344, 27.2495, -2.02923, -1.47698, -0.0101622, 140.16, -0.0700645, 0.105927, -0.661082, 0.739487
16.1906, 26.6516, -2.12402, -1.48368, -0.00884093, 140.76, -0.0799541, 0.0951303, -0.66412, 0.737226
16.2425, 26.0528, -2.2067, -1.48949, -0.00783364, 141.36, -0.0877685, 0.0816292, -0.667101, 0.735262
16.2906, 25.4531, -2.28836, -1.49469, -0.0070966, 141.96, -0.0864736, 0.0846812, -0.668831, 0.733496
16.3354, 24.8528, -2.371, -1.4994, -0.00657772, 142.56, -0.0875732, 0.0765522, -0.671417, 0.731895
16.3771, 24.252, -2.44008, -1.50378, -0.00641547, 143.16, -0.0823483, 0.0642038, -0.674991, 0.7304
16.4159, 23.6508, -2.48593, -1.50802, -0.00594088, 143.76, -0.0738434, 0.0305345, -0.679889, 0.728948
16.452, 23.0494, -2.50508, -1.51195, -0.00755901, 144.36, -0.0602459, 0.00888231, -0.683289, 0.727604
16.4855, 22.4478, -2.50543, -1.51683, 0.00863872, 144.96, -0.0619173, 0.0146553, -0.684822, 0.725928
16.5159, 21.8461, -2.52501, -1.5119, 0.0243671, 145.56, -0.0701878, 0.0236498, -0.681969, 0.727621
16.5491, 21.2448, -2.56109, -1.49749, 0.0352702, 146.16, -0.0753369, 0.02252, -0.676164, 0.732543
16.5908, 20.6442, -2.58511, -1.47647, 0.042892, 146.76, -0.0643297, 0.0156196, -0.669718, 0.739659
16.645, 20.0442, -2.59934, -1.45084, 0.0474313, 147.36, -0.0478999, 0.00796552, -0.661671, 0.748221
16.7146, 19.4447, -2.62468, -1.42239, 0.0496375, 147.96, -0.0416815, 0.0111098, -0.651314, 0.757582
16.8014, 18.8451, -2.62345, -1.39249, 0.0495637, 148.56, -0.0343784, -0.00617609, -0.640388, 0.767257
16.9066, 18.245, -2.61432, -1.36245, 0.0492886, 149.16, -0.0378582, -0.0114456, -0.628503, 0.776801
17.0306, 17.6436, -2.61263, -1.33231, 0.0365419, 149.76, -0.0405634, -0.00677299, -0.616598, 0.786204
17.174, 17.0403, -2.61902, -1.30977, 0.0226731, 150.36, -0.039177, 0.00456004, -0.60779, 0.793118
17.3325, 16.4342, -2.63663, -1.29565, 0.0106653, 150.96, -0.0470414, 0.0073821, -0.601573, 0.797397
17.5009, 15.8249, -2.64876, -1.28897, -0.000275497, 151.56, -0.0488409, -0.0113125, -0.598692, 0.799409
17.6747, 15.212, -2.64418, -1.2892, -0.00989592, 152.16, -0.0335926, -0.00762365, -0.59989, 0.799341
17.8494, 14.5951, -2.6645, -1.29555, -0.0182721, 152.76, -0.0323122, 0.00533753, -0.602523, 0.797429
18.0209, 13.9745, -2.66794, -1.30731, -0.0253932, 153.36, -0.0397646, 0.0121236, -0.60667, 0.793866
18.1856, 13.3501, -2.7035, -1.32369, -0.0313004, 153.96, -0.0426858, 0.0123179, -0.612966, 0.788859
18.3402, 12.7223, -2.72196, -1.34388, -0.0360656, 154.56, -0.0313553, -0.001562, -0.621715, 0.782614
18.4822, 12.0915, -2.71741, -1.36715, -0.0397107, 155.16, -0.0328604, -0.0010229, -0.630714, 0.775318
18.6094, 11.4582, -2.72839, -1.39275, -0.0424776, 155.76, -0.0290009, 0.000451602, -0.640785, 0.767172
18.7202, 10.8229, -2.72789, -1.42008, -0.0438843, 156.36, -0.0306617, -0.00539787, -0.651119, 0.758337
18.8134, 10.1861, -2.72628, -1.44825, -0.0462125, 156.96, -0.0108923, -0.00842655, -0.662338, 0.749078
18.8886, 9.54837, -2.72443, -1.47786, -0.0316013, 157.56, -0.0144587, -0.0101456, -0.673264, 0.739191
18.9448, 8.91034, -2.71968, -1.49802, -0.0165098, 158.16, -0.0220927, -0.032445, -0.679782, 0.732363
18.9881, 8.27172, -2.66381, -1.50852, -0.00564994, 158.76, -0.0124582, -0.0446775, -0.683177, 0.728779
19.0249, 7.63194, -2.6253, -1.51208, 0.00522274, 159.36, 0.00214663, -0.00975446, -0.685974, 0.727558
19.0594, 6.99037, -2.66052, -1.50868, 0.00180575, 159.96, 0.000913981, 0.0167635, -0.684604, 0.728722
19.0963, 6.34628, -2.6695, -1.50748, 0.00197672, 160.56, -0.00446607, -0.00731917, -0.684316, 0.729135
19.1341, 5.69978, -2.63939, -1.50614, 0.00218813, 161.16, -0.00430204, -0.0183818, -0.683621, 0.729593
19.1731, 5.05133, -2.63563, -1.50457, 0.00241614, 161.76, 0.000165158, -0.00379706, -0.683298, 0.73013
19.2133, 4.40103, -2.6303, -1.50284, 0.00272635, 162.36, 0.000461893, -0.00174734, -0.682676, 0.730719
19.2549, 3.74887, -2.62941, -1.50091, 0.00317229, 162.96, -0.00541509, -0.00403508, -0.681938, 0.731379
19.2976, 3.09343, -2.61966, -1.49903, 0.00421, 163.56, -0.00846426, -0.00982343, -0.681159, 0.732021
19.3417, 2.43294, -2.61362, -1.49645, 0.00606751, 164.16, -0.0053336, -0.00462607, -0.680301, 0.732899
19.3877, 1.76691, -2.6128, -1.49261, 0.0101935, 164.76, -0.00293438, 0.00103414, -0.678922, 0.734204
19.4372, 1.09747, -2.60997, -1.48534, 0, 165.36, -0.00453167, -0.00569511, -0.676219, 0.736665
19.495, 0.444386, -2.59299, -1.48277, 0, 165.96, -0.0018108, -0.0205021, -0.674996, 0.737534
